"ipa_ref","manufacturer_en","manufacturer_ch","location_of_prefabrication_factory_en","location_of_prefabrication_factory_ch","mic_type_en","mic_type_ch","model_no","module_type","intended_use_en","intended_use_ch","intended_maximum_building_height","intended_maximum_storey","date_of_acceptance","general_layout","letter_of_acceptance"
"MiC 1/2018","Unitised Building (Hong Kong) Investment Limited and Unitised Building (Shanghai) Building Technology Company Limited (优必(上海)建筑科技有限公司)","Unitised Building (Hong Kong) Investment Limited and Unitised Building (Shanghai) Building Technology Company Limited （优必(上海)建筑科技有限公司）","Shanghai, China","上海, 中國","Steel","鋼材","RUSH ","MA1, MA2, MB1, MB2, MC and MD","Residential-institution or Hostel","住宿機構或宿舍","53.2","15","7/9/2018","https://www.bd.gov.hk/doc/en/resources/codes-and-references/mic/MIC0012018_GL.pdf","https://www.bd.gov.hk/doc/en/resources/codes-and-references/mic/MIC0012018_IPA.pdf"
"MiC 2/2018","Aluhouse Company Limited","Aluhouse Company Limited","Zhaoqing, Guangdong, China","肇慶, 廣東, 中國","Steel","鋼材","Aluhouse HK28 ","T1 and T2","Domestic","住用","11.45","3","18/9/2018","https://www.bd.gov.hk/doc/en/resources/codes-and-references/mic/MIC0022018_GL.pdf","https://www.bd.gov.hk/doc/en/resources/codes-and-references/mic/MIC0022018_IPA.pdf"
"MiC 3/2018","Guangdong CIMC Building Construction Co. Ltd.","Guangdong CIMC Building Construction Co. Ltd.","Jiangmen, Gunagdong, China","江門, 廣東, 中國","Steel","鋼材","CIMC Modular Building Systems - V System ","A1, A2, B1, B2, C and D","Residential-institution or Hostel","住宿機構或宿舍","53.2","15","19/9/2018","https://www.bd.gov.hk/doc/en/resources/codes-and-references/mic/MIC0032018_GL.pdf","https://www.bd.gov.hk/doc/en/resources/codes-and-references/mic/MIC0032018_IPA.pdf"
"MiC 4/2018","Nova Deko Modular Building Company Limited","路华迪高模块建筑有限公司","Foshan, Guangdong, China","佛山, 廣東, 中國","Steel","鋼材","NDHK0018 ","A and B","Domestic","住用","9.6","3","31/12/2018","https://www.bd.gov.hk/doc/en/resources/codes-and-references/mic/MIC0042018_GL.pdf","https://www.bd.gov.hk/doc/en/resources/codes-and-references/mic/MIC0042018_IPA.pdf"
"MiC 1/2019","Yau Lee Wah Concrete Precast Products Company Limited","有利華建築預製件有限公司","Huizhou, Guangdong, China","惠州, 廣東, 中國","Concrete","混凝土","Concrete MiC 1.0","A, B and C","Domestic","住用","52","17","28/2/2019","https://www.bd.gov.hk/doc/en/resources/codes-and-references/mic/MIC0012019_GL.pdf","https://www.bd.gov.hk/doc/en/resources/codes-and-references/mic/MIC0012019_IPA.pdf"
"MiC 2/2019","Moderna Homes (HK) Limited","Moderna Homes (HK) Limited","Zhangjiagang City, Jiangsu, China","張家港市, 江蘇, 中國","Steel","鋼材","MH-GEN-2 ","A1, A2, B1, B2, C and D","Residential-institution or Hostel","住宿機構或宿舍","53.2","15","1/4/2019","https://www.bd.gov.hk/doc/en/resources/codes-and-references/mic/MIC0022019_GL.pdf","https://www.bd.gov.hk/doc/en/resources/codes-and-references/mic/MIC0022019_IPA.pdf"
"MiC 3/2019","Shunde Lunjiao Quon Hing Construction Material Company Limited","Shunde Lunjiao Quon Hing Construction Material Company Limited","Foshan, Guangdong, China","佛山, 廣東, 中國","Concrete","混凝土","001","","Domestic","住用","3.3","1","14/6/2019","https://www.bd.gov.hk/doc/en/resources/codes-and-references/mic/MIC0032019_GL.pdf","https://www.bd.gov.hk/doc/en/resources/codes-and-references/mic/MIC0032019_IPA.pdf"
"MiC 4/2019","Nova Techoy Modular Construction Company Limited","德材路華組裝合成建築有限公司","Foshan, Guangdong, China","佛山, 廣東, 中國","Steel","鋼材","NTMCCLHK0019","","Domestic","住用","13.453","4","24/10/2019","https://www.bd.gov.hk/doc/en/resources/codes-and-references/mic/MIC0042019_GL.pdf","https://www.bd.gov.hk/doc/en/resources/codes-and-references/mic/MIC0042019_IPA.pdf"
"MiC 1/2020","China State Hailong Construction Technology Company Limited","China State Hailong Construction Technology Company Limited","Foshan, Guangdong, China","佛山, 廣東, 中國","Steel","鋼材","CSHL-STEEL-MIC ","A1, A2, B1, B2, C and D","Residential-institution or Hostel","住宿機構或宿舍","53.2","15","23/1/2020","https://www.bd.gov.hk/doc/en/resources/codes-and-references/mic/MIC0012020_GL.pdf","https://www.bd.gov.hk/doc/en/resources/codes-and-references/mic/MIC0012020_IPA.pdf"
"MiC 2/2020","Paul Y. – iMax Limited","Paul Y. – iMax Limited","Changshu, Jiangsu, China","常熟, 江蘇, 中國","Steel","鋼材","PISCBHO01 ","A, A-a, B, B-a, B1, B1-a, #B, #B-a, C, C-a, C1, C2, C3, C3-a","Hostel","宿舍","12.25","4","7/2/2020","https://www.bd.gov.hk/doc/en/resources/codes-and-references/mic/MIC0022020_GL.pdf","https://www.bd.gov.hk/doc/en/resources/codes-and-references/mic/MIC0022020_IPA.pdf"
"MiC 3/2020","Orientfunds Precast Limited","Orientfunds Precast Limited","Dongguan, Guangdong, China","東莞, 廣東, 中國","Concrete","混凝土","OPL01","","Volumetric bathroom module in a multi-storey building","多層大廈內的浴室立體組件","","","16/4/2020","https://www.bd.gov.hk/doc/en/resources/codes-and-references/mic/MIC0032020_GL.pdf","https://www.bd.gov.hk/doc/en/resources/codes-and-references/mic/MIC0032020_IPA.pdf"
"MiC 4/2020","Aggressive Construction Company Limited","Aggressive Construction Company Limited","Nansha, Guangdong, China","南沙, 廣東, 中國","Steel","鋼材","AGG(MIC)-JMC-001 ","A1, A1a, A2, A2a, B1, B2, C and C1","Domestic","住用","41.15","8","29/5/2020","https://www.bd.gov.hk/doc/en/resources/codes-and-references/mic/MIC0042020_GL.pdf","https://www.bd.gov.hk/doc/en/resources/codes-and-references/mic/MIC0042020_IPA.pdf"
"MiC 5/2020","Paul Y. - iMax Limited","Paul Y. - iMax Limited","Foshan, Guangdong, ChinaJiangmen, Guangdong, China","佛山, 廣東, 中國江門, 廣東, 中國","Steel","鋼材","PISCBHO02 ","A1, A2, B, C, D and E","Domestic","住用","35.3","8","29/5/2020","https://www.bd.gov.hk/doc/en/resources/codes-and-references/mic/MIC0052020_GL.pdf","https://www.bd.gov.hk/doc/en/resources/codes-and-references/mic/MIC0052020_IPA.pdf"
"MiC 6/2020","CR Construction Company Limited","CR Construction Company Limited","Foshan, Guangdong, China","佛山, 廣東, 中國","Steel","鋼材","NTMCCLHK02B20 ","TCJ-S01, TCJ-S01A, TCJ-S02, TCJ-S01R, TCJ-S03 and TCJ-S04","Domestic","住用","35.3","8","19/6/2020","https://www.bd.gov.hk/doc/en/resources/codes-and-references/mic/MIC0062020_GL.pdf","https://www.bd.gov.hk/doc/en/resources/codes-and-references/mic/MIC0062020_IPA.pdf"
"MiC 7/2020","Chun Wo Construction &amp; Engineering Co., Ltd.","Chun Wo Construction &amp; Engineering Co., Ltd.","Johor, Malaysia","柔佛, 馬來西亞","Concrete","混凝土","CW.MIC001","A1, A2, A3, A4, B1, B2, B3, C1, C2, C3, D1, D2, D4","Domestic","住用","129.8","39","23/6/2020","https://www.bd.gov.hk/doc/en/resources/codes-and-references/mic/MIC0072020_GL.pdf","https://www.bd.gov.hk/doc/en/resources/codes-and-references/mic/MIC0072020_IPA.pdf"
"MiC 8/2020","Nova Techoy Modular Construction Company Limited","德材路華組裝合成建築有限公司","Foshan, Guangdong, China","佛山, 廣東, 中國","Steel","鋼材","NTMCCLHK12A19 ","TYPE I and TYPE II","Domestic","住用","2.9","1","29/6/2020","https://www.bd.gov.hk/doc/en/resources/codes-and-references/mic/MIC0082020_GL.pdf","https://www.bd.gov.hk/doc/en/resources/codes-and-references/mic/MIC0082020_IPA.pdf"
"MiC 9/2020","Chevalier (Construction) Co., Ltd.","Chevalier (Construction) Co., Ltd.","Zhongshan, Guangdong, China","中山, 廣東, 中國","Steel","鋼材","E-SERIES ","A1, A1*, B1, B1* and C1","Domestic","住用","30.4","8","30/6/2020","https://www.bd.gov.hk/doc/en/resources/codes-and-references/mic/MIC0092020_GL.pdf","https://www.bd.gov.hk/doc/en/resources/codes-and-references/mic/MIC0092020_IPA.pdf"
"MiC 10/2020","China State Hailong Construction Technology Company Limited","China State Hailong Construction Technology Company Limited","Foshan, Guangdong, China","佛山, 廣東, 中國","Steel","鋼材","CSHL-STEEL-MiC01 ","1, 1(H, 2, 2(H, 3, 3(H and 4","Domestic","住用","35.4","8","8/7/2020","https://www.bd.gov.hk/doc/en/resources/codes-and-references/mic/MIC0102020_GL.pdf","https://www.bd.gov.hk/doc/en/resources/codes-and-references/mic/MIC0102020_IPA.pdf"
"MiC 11/2020","Yau Lee Wah Concrete Precast Products Company Limited","有利華建築預製件有限公司","Huizhou, Guangdong, China","惠州, 廣東, 中國","Steel","鋼材","YLW STEEL MIC ","YLW-S01, YLW-S01R, YLW-S02, YLW-S02R, YLW-S03 and YLW-S04","Domestic","住用","35.9","8","17/7/2020","https://www.bd.gov.hk/doc/en/resources/codes-and-references/mic/MIC0112020_GL.pdf","https://www.bd.gov.hk/doc/en/resources/codes-and-references/mic/MIC0112020_IPA.pdf"
"MiC 12/2020","Unistress Building Construction Limited","聯力建築有限公司","Baiyun, Guangdong, China","白雲, 廣東, 中國","Steel","鋼材","MIC-STEEL 01","","Domestic","住用","50.4","15","30/7/2020","https://www.bd.gov.hk/doc/en/resources/codes-and-references/mic/MIC0122020_GL.pdf","https://www.bd.gov.hk/doc/en/resources/codes-and-references/mic/MIC0122020_IPA.pdf"
"MiC 13/2020","Wing Hong Shun Enterprises Limited","Wing Hong Shun Enterprises Limited","Huizhou, Guangdong, China","惠州, 廣東, 中國","Concrete","混凝土","MIC-RC-001","","Domestic","住用","3.3","1","30/7/2020","https://www.bd.gov.hk/doc/en/resources/codes-and-references/mic/MIC0132020_GL.pdf","https://www.bd.gov.hk/doc/en/resources/codes-and-references/mic/MIC0132020_IPA.pdf"
"MiC 14/2020","Nova Techoy Modular Construction Company Limited","德材路華組裝合成建築有限公司","Foshan, Guangdong, China","佛山, 廣東, 中國","Steel","鋼材","NTMCCLHK01A20 ","TCT-01, TCT-02 and TCT-03","Volumetric toilet module in office building","辦公大樓內的廁所立體組件","","","20/8/2020","https://www.bd.gov.hk/doc/en/resources/codes-and-references/mic/MIC0142020_GL.pdf","https://www.bd.gov.hk/doc/en/resources/codes-and-references/mic/MIC0142020_IPA.pdf"
"MiC 15/2020","China State Hailong Construction Technology Company Limited","China State Hailong Construction Technology Company Limited","Zhuhai, Guangdong, China","珠海, 廣東, 中國","Concrete","混凝土","CSHL-RC-MIC","A, B and C","Dormitory units","院舍房間","25.55","7","26/8/2020","https://www.bd.gov.hk/doc/en/resources/codes-and-references/mic/MIC0152020_GL.pdf","https://www.bd.gov.hk/doc/en/resources/codes-and-references/mic/MIC0152020_IPA.pdf"
"MiC 16/2020","Yau Lee Wah Concrete Precast Products Company Limited","有利華建築預製件有限公司","Huizhou, Guangdong, China","惠州, 廣東, 中國","Concrete","混凝土","Concrete MiC 2.0 - Demountable","YLC-1, YLC-1A, YLC-1R, YLC-1AR, YLC-2, YLC-2R, YLC-3, YLC-3R, YLC-4, YLC-4R, YLC-5, YLC-5R, YLC-6, YLC-6R, YLC-7, YLC-7R, YLC-8, YLC-8R, YLC-9, YLC-9R, YLC-10, YLC-11, YLC-11A, YLC-11AR, YLC-12, YLC-13, YLC-14, YLC-14A, YLC-14AR, YLC-14B, YLC-14BR, YLC-14R, YLC-15, YLC-16 and YLC-17","Domestic","住用","13.66","4","28/8/2020","https://www.bd.gov.hk/doc/en/resources/codes-and-references/mic/MIC0162020_GL.pdf","https://www.bd.gov.hk/doc/en/resources/codes-and-references/mic/MIC0162020_IPA.pdf"
"MiC 17/2020","Unistress Building Company Limited","聯力建築有限公司","Huizhou, Guangdong, China","惠州, 廣東, 中國","Concrete","混凝土","MIC-RC 01","A1, A2, A3, B1, B2, B3, C1, C2, C3, D1, D2 and D3","Domestic","住用","79.65","24","30/9/2020","https://www.bd.gov.hk/doc/en/resources/codes-and-references/mic/MIC0172020_GL.pdf","https://www.bd.gov.hk/doc/en/resources/codes-and-references/mic/MIC0172020_IPA.pdf"
"MiC 18/2020","i-Box Modular Housing Limited","毅博組裝合成房屋有限公司","Huizhou, Guangdong, China","惠州, 廣東, 中國","Concrete","混凝土","IBOXCON01","BOX-A, BOX-01, BOX-01A, BOX-02, BOX-02R, BOX-03, BOX-03R, BOX-04, BOX-04R, BOX-05, BOX-05R, BOX-06, BOX-06A, BOX-06B, BOX-07, BOX-07A, BOX-08, BOX-09, BOX-10, BOX-11 and BOX-12","Domestic","住用","14.4","4","19/10/2020","https://www.bd.gov.hk/doc/en/resources/codes-and-references/mic/MIC0182020_GL.pdf","https://www.bd.gov.hk/doc/en/resources/codes-and-references/mic/MIC0182020_IPA.pdf"
"MiC 19/2020","Paul Y. – iMax Limited","Paul Y. – iMax Limited","Foshan, Guangdong, China","佛山, 廣東, 中國","Steel","鋼材","PISCBHO03 ","A1, A1 (Mirrored, A2, A2 (Mirrored, A3, A3 (Mirrored, A4, A4 (Mirrored, A5, A5 (Mirrored, A6, A6 (Mirrored, A7, A7 (Mirrored, A8, A8 (Mirrored, A9, A9 (Mirrored, A10, A10 (Mirrored, A11, A11 (Mirrored, A12, A12 (Mirrored, A13, A13 (Mirrored, A14, A14 (Mirrored, A15, A15 (Mirrored, B1, B1 (Mirrored, B2, B2 (Mirrored, C1, C1 (Mirrored, C2, C2 (Mirrored, C3, C3 (Mirrored, C4, C4 (Mirrored, C5, C6, D1, D1 (Mirrored, D2, D2 (Mirrored, D3, D3 (Mirrored, D4, E1, E1 (Mirrored, E2 and E2 (Mirrored.","Hostel","宿舍","70.25","17","30/10/2020","https://www.bd.gov.hk/doc/en/resources/codes-and-references/mic/MIC0192020_GL.pdf","https://www.bd.gov.hk/doc/en/resources/codes-and-references/mic/MIC0192020_IPA.pdf"
"MiC 20/2020","Chevalier (Construction) Co., Ltd.","Chevalier (Construction) Co., Ltd.","Zhongshan, Guangdong, China","中山, 廣東, 中國","Steel","鋼材","R-SERIES ","A, B, C, D, E, F, G, H, I, J, K &amp; L","Domestic","住用","97.65","30","16/12/2020","https://www.bd.gov.hk/doc/en/resources/codes-and-references/mic/MIC0202020_GL.pdf","https://www.bd.gov.hk/doc/en/resources/codes-and-references/mic/MIC0202020_IPA.pdf"
"MiC 21/2020","Urban Renewal Authority","市區重建局","Huizhou, Guangdong, China","惠州, 廣東, 中國","Concrete","混凝土","MDM-GT","A1, A1M, A2, A3, B1, B1M and B2","Domestic","住用","83.75","23","30/12/2020","https://www.bd.gov.hk/doc/en/resources/codes-and-references/mic/MIC0212020_GL.pdf","https://www.bd.gov.hk/doc/en/resources/codes-and-references/mic/MIC0212020_IPA.pdf"
"MiC 1/2021","Brilliant (Man Sau) Engineering Ltd.","Brilliant (Man Sau) Engineering Ltd.","Dongguan, Guangdong, China","東莞, 廣東, 中國","Steel","鋼材","S001 ","A, B1, B2, B3, C1, C2, S1A, S1B, S2A and S2B","Domestic","住用","11.68","4","14/1/2021","https://www.bd.gov.hk/doc/en/resources/codes-and-references/mic/MIC0012021_GL.pdf","https://www.bd.gov.hk/doc/en/resources/codes-and-references/mic/MIC0012021_IPA.pdf"
"MiC 2/2021","CNQC Intelligent Construction (HK) Limited","CNQC Intelligent Construction (HK) Limited","Zhangjiagang, Jiangsu, ChinaZhuhai, Guangdong, ChinaFoshan, Guangdong, China","張家港, 江蘇, 中國珠海, 廣東, 中國佛山, 廣東, 中國","Steel","鋼材","CM276065 Type A to Type F ","A1, A1(2,  A1(3, A1(4, B1, B1(2, B1(3, B2, B2(2, B2(3, B3, B3(2, C1, C1(2, C1(3, D1, D1(2, D2, D2(2, D2(3, D2(4, E1, E1(2, E2, E4, F1 and F2","Domestic","住用","13.005","4","29/1/2021","https://www.bd.gov.hk/doc/en/resources/codes-and-references/mic/MIC0022021_GL.pdf","https://www.bd.gov.hk/doc/en/resources/codes-and-references/mic/MIC0022021_IPA.pdf"
"MiC 3/2021","Techoy Construction Company Limited","德材建築工程有限公司","Huizhou, Guangdong, China","惠州, 廣東, 中國","Concrete","混凝土","TMiC-01/C","Type A, Type B and Type C","Domestic","住用","12.6","4","12/3/2021","https://www.bd.gov.hk/doc/en/resources/codes-and-references/mic/MIC0032021_GL.pdf","https://www.bd.gov.hk/doc/en/resources/codes-and-references/mic/MIC0032021_IPA.pdf"
"MiC 4/2021","Aggressive Construction Company Limited","Aggressive Construction Company Limited","Huizhou, Guangdong, China","惠州, 廣東, 中國","Concrete","混凝土","AGG(MIC)-TEN-002","L1R, L1L, L1L-1, L2R(A, L2L(A, L2R(B, L2L(B, MB1L, MB1R-1, MB1L-1, MB1R-1(A, MB1L-1A, MB1R-1(B, B1R, B2R, B2L-1(A, B2L-1(B, B2L-1(C, B2L-1(D, T1R and K1","Domestic","住用","90.45","25","30/3/2021","https://www.bd.gov.hk/doc/en/resources/codes-and-references/mic/MIC0042021_GL.pdf","https://www.bd.gov.hk/doc/en/resources/codes-and-references/mic/MIC0042021_IPA.pdf"
"MiC 5/2021","Gammon Construction Limited","Gammon Construction Limited","Huizhou, Guangdong, China","惠州, 廣東, 中國","Concrete","混凝土","GCL/MIC/C/02","B1, B2, B2.1, B3, B3.1, B3.2, B3a, B3b, B3m, B4a, B4b, B4c, B5, L1, L2a, L2b, L3, L3.1, L3a, L4, L4.1, L4m, L5, K1, T1, T2, T3, BT1, BT1m, BT2, BT2.1, BT2m and BT3","Domestic","住用","90.45","25","30/4/2021","https://www.bd.gov.hk/doc/en/resources/codes-and-references/mic/MIC0052021_GL.pdf","https://www.bd.gov.hk/doc/en/resources/codes-and-references/mic/MIC0052021_IPA.pdf"
"MiC 6/2021","Yau Lee Wah Concrete Precast Products Company Limited","有利華建築預制件有限公司","Huizhou, Guangdong, China","惠州, 廣東, 中國","Concrete","混凝土","Concrete MiC 1.1-40","A1, A2, A3, A4, A5, A6, B1, B2, B3, B4, B5, B6, B7, C, D and E","Domestic","住用","130.4","40","13/5/2021","https://www.bd.gov.hk/doc/en/resources/codes-and-references/mic/MIC0062021_GL.pdf","https://www.bd.gov.hk/doc/en/resources/codes-and-references/mic/MIC0062021_IPA.pdf"
"MiC 7/2021","China State Hailong Construction Technology Company Limited","China State Hailong Construction Technology Company Limited","Zhuhai, Guangdong, China","珠海, 廣東, 中國","Concrete","混凝土","CSHL-RC-MIC 1.0","1, 1(MIRROR, 1A, 1B, 1B(MIRROR, 1C, 1D, 1E, 1E(MIRROR, 1F, 2, 2A, 2B, 2C, 2D, 2E, 2F, 3, 3(MIRROR, 3A, 3B, 4, 5, 6, 6A, 6A(MIRROR, 6B, 6C, 6C(MIRROR, 7 and 7A","Domestic","住用","90.45","25","13/5/2021","https://www.bd.gov.hk/doc/en/resources/codes-and-references/mic/MIC0072021_GL.pdf","https://www.bd.gov.hk/doc/en/resources/codes-and-references/mic/MIC0072021_IPA.pdf"
"MiC 8/2021","i-Box Modular Housing Limited","毅博組裝合成房屋有限公司","Huizhou, Guangdong, China","惠州, 廣東, 中國","Steel","鋼材","IBOXST01 ","TYPE SiB-1","Domestic","住用","12.584","4","1/6/2021","https://www.bd.gov.hk/doc/en/resources/codes-and-references/mic/MIC0082021_GL.pdf","https://www.bd.gov.hk/doc/en/resources/codes-and-references/mic/MIC0082021_IPA.pdf"
"MiC 9/2021","Chun Wo Construction &amp; Engineering Co., Ltd.","Chun Wo Construction &amp; Engineering Co., Ltd.","Johor, Malaysia","柔佛, 馬來西亞","Concrete","混凝土","CW.MIC001.A","A1-1, A1-2, B1-1, B1-2, B1-3, C1-1 and C1-2","Domestic","住用","82.7","23","18/6/2021","https://www.bd.gov.hk/doc/en/resources/codes-and-references/mic/MIC0092021_GL.pdf","https://www.bd.gov.hk/doc/en/resources/codes-and-references/mic/MIC0092021_IPA.pdf"
"MiC 10/2021","Chinney Construction Co., Ltd.","建業建築有限公司","Foshan, Guangdong, China","佛山, 廣東, 中國","Steel","鋼材","CCCL-MIC-S01 ","TYPE 01, TYPE02, TYPE01R and TYPE02R","Domestic","住用","12.08","4","29/7/2021","https://www.bd.gov.hk/doc/en/resources/codes-and-references/mic/MIC0102021_GL.pdf","https://www.bd.gov.hk/doc/en/resources/codes-and-references/mic/MIC0102021_IPA.pdf"
"MiC 11/2021","Chun Wo Construction &amp; Engineering Co., Ltd.","Chun Wo Construction &amp; Engineering Co., Ltd.","Foshan, Guangdong, China","佛山, 廣東, 中國","Steel","鋼材","CW.MIC002 ","A, A1, A2, B, B1, C, C1, D, D1, E, E1, E2, F, F1, F2, F3 and F4","Domestic","住用","13.09","4","29/7/2021","https://www.bd.gov.hk/doc/en/resources/codes-and-references/mic/MIC0112021_GL.pdf","https://www.bd.gov.hk/doc/en/resources/codes-and-references/mic/MIC0112021_IPA.pdf"
"MiC 12/2021","Paul Y. – iMax Limited","Paul Y. – iMax Limited","Changshu, Jiangsu, China","常熟, 江蘇, 中國","Steel","鋼材","PISCBRE01 "," M1, M2.1, M2.2, M3 and M4","Domestic","住用","66.25","20","30/8/2021","https://www.bd.gov.hk/doc/en/resources/codes-and-references/mic/MIC0122021_GL.pdf","https://www.bd.gov.hk/doc/en/resources/codes-and-references/mic/MIC0122021_IPA.pdf"
"MiC 13/2021","Markbox Limited","Markbox Limited","Foshan, Guangdong, China","佛山, 廣東, 中國","Steel","鋼材","CV/2019/MIC02 ","Modular 1 and Modular 2","Office &amp; Shops","辦公室及商舖","3.74","1","17/9/2021","https://www.bd.gov.hk/doc/en/resources/codes-and-references/mic/MIC0132021_GL.pdf","https://www.bd.gov.hk/doc/en/resources/codes-and-references/mic/MIC0132021_IPA.pdf"
"MiC 14/2021","Shui On Construction Company Limited","Shui On Construction Company Limited","Zhuhai, Guangdong, China","珠海, 廣東, 中國","Concrete","混凝土","SOC-RC-MIC 21.01","MiC-1, MiC-2, MiC-3, MiC-4, MiC-5 and MiC-6","Residential Care Homes (Elderly Persons)","安老院","27.31","7","26/10/2021","https://www.bd.gov.hk/doc/en/resources/codes-and-references/mic/MIC0142021_GL.pdf","https://www.bd.gov.hk/doc/en/resources/codes-and-references/mic/MIC0142021_IPA.pdf"
"MiC 15/2021","Dragages Hong Kong Limited","Dragages Hong Kong Limited","Shenzhen, Guangdong, ChinaDongguan, Guangdong, China","東莞, 廣東, 中國深圳, 廣東, 中國","Concrete","混凝土","DHK-RC-001","A1, A1a, A1M, A2, A3, B1, B1M and B2","Domestic","住用","97.6","23","26/10/2021","https://www.bd.gov.hk/doc/en/resources/codes-and-references/mic/MIC0152021_GL.pdf","https://www.bd.gov.hk/doc/en/resources/codes-and-references/mic/MIC0152021_IPA.pdf"
"MiC 16/2021","Unistress Building Construction Limited","聯力建築有限公司","Huizhou, Guangdong, China","惠州, 廣東, 中國","Concrete","混凝土","MIC-RC 02","A1, A1R, A2, A3, B1, B1R and B2","Domestic","住用","97.6","23","18/11/2021","https://www.bd.gov.hk/doc/en/resources/codes-and-references/mic/MIC0162021_GL.pdf","https://www.bd.gov.hk/doc/en/resources/codes-and-references/mic/MIC0162021_IPA.pdf"
"MiC 17/2021","Paul Y. Modular Integrated Construction Limited","Paul Y. Modular Integrated Construction Limited","Dongguan, Guangdong, China","東莞, 廣東, 中國","Concrete","混凝土","PYMIC(C)01","BR1, KT1, KT2, LD1, LD1a, LD2, LD3, LD4, LD4a, LD5, LD5a, MB1, MB2, MB3, MB1a, MB2a, WB1, WB1a, WB2, WB2a, WB3, WB4, WB5, WC1 and WC2","Domestic","住用","90.45","25","24/11/2021","https://www.bd.gov.hk/doc/en/resources/codes-and-references/mic/MIC0172021_GL.pdf","https://www.bd.gov.hk/doc/en/resources/codes-and-references/mic/MIC0172021_IPA.pdf"
"MiC 18/2021","CNQC Intelligent Construction (HK) Limited","CNQC Intelligent Construction (HK) Limited","Hong Kong, China","香港, 中國","Concrete","混凝土","CA-PBU01","","Volumetric bathroom module in a multi-storey building","多層大廈內的浴室立體組件","","","21/12/2021","https://www.bd.gov.hk/doc/en/resources/codes-and-references/mic/MIC0182021_GL.pdf","https://www.bd.gov.hk/doc/en/resources/codes-and-references/mic/MIC0182021_IPA.pdf"
"MiC 19/2021","Cheung Kee Fung Cheung Construction Company Limited","Cheung Kee Fung Cheung Construction Company Limited","Heyuan, Guangdong, China","河源, 廣東, 中國","Concrete","混凝土","CKFC-MIC01","A1, A1R, A2, A3, B1, B1R and B2","Domestic","住用","90.6","23","21/12/2021","https://www.bd.gov.hk/doc/en/resources/codes-and-references/mic/MIC0192021_GL.pdf","https://www.bd.gov.hk/doc/en/resources/codes-and-references/mic/MIC0192021_IPA.pdf"
"MiC 20/2021","MeCheung Innovative Construction (MiC) Limited","美創建有限公司","Shenzhen, Guangdong, China","深圳, 廣東, 中國","Steel","鋼材","MCCCL-01","MA1, MA2, MA3, MA4, MA5, MA6, MB1, MB2 MB3, MB4, MB5, MB6, MC1, MC2 and MC3","Domestic","住用","9.6","3","31/12/2021","https://www.bd.gov.hk/doc/en/resources/codes-and-references/mic/MIC0202021_GL.pdf","https://www.bd.gov.hk/doc/en/resources/codes-and-references/mic/MIC0202021_IPA.pdf"
"MiC 1/2022","MDM Group Inc. Ltd","MDM Group Inc. Ltd","Huizhou, Guangdong, China","惠州, 廣東, 中國","Concrete","混凝土","HRR-IC","A1-1, A1-2, A1a-1, A1a-2, A2-1, A2-2, A2a-1, A2a-2, B1, B1a, B2, B2a, C1, C1a, C2, C2a, D1, D1a, D2 and D2a","Domestic","住用","139.7","40","24/1/2022","https://www.bd.gov.hk/doc/en/resources/codes-and-references/mic/MIC0012022_GL.pdf","https://www.bd.gov.hk/doc/en/resources/codes-and-references/mic/MIC0012022_IPA.pdf"
"MiC 2/2022","Nano and Advanced Materials Institute Limited","納米及先進材料研發院有限公司","Dongguan, Guangdong, China","東莞, 廣東, 中國","Steel","鋼材","ITP02419NP002","NAMI-A, NAMI-AR, NAMI-B, NAMI-BR, NAMI-C, NAMI-CR, NAMI-D, NAMI-DR, NAMI-E and NAMI-ER","Domestic","住用","18.5","4","8/2/2022","https://www.bd.gov.hk/doc/en/resources/codes-and-references/mic/MIC0022022_GL.pdf","https://www.bd.gov.hk/doc/en/resources/codes-and-references/mic/MIC0022022_IPA.pdf"
"MiC 3/2022","Gammon Construction Limited","Gammon Construction Limited","Dongguan, Guangdong, China","東莞, 廣東, 中國","Steel","鋼材","GCL/MIC/S/01","A0, A0a, A1, A1a, A2, A2a, A2ab, A2b, A3, A3a, A4, A4a, B1, B1a, B2, B3, C1, C1a, C2, C3 and C3a","Domestic","住用","73.65","19","16/3/2022","https://www.bd.gov.hk/doc/en/resources/codes-and-references/mic/MIC0032022_GL.pdf","https://www.bd.gov.hk/doc/en/resources/codes-and-references/mic/MIC0032022_IPA.pdf"
"MiC 4/2022","Wing Hong Shun Enterprises Limited","Wing Hong Shun Enterprises Limited","Huizhou, Guangdong, China","惠州, 廣東, 中國","Steel","鋼材","MIC-ST-001","TYPE 01 and TYPE 01R","Domestic","住用","12.08","4","31/3/2022","https://www.bd.gov.hk/doc/en/resources/codes-and-references/mic/MIC0042022_GL.pdf","https://www.bd.gov.hk/doc/en/resources/codes-and-references/mic/MIC0042022_IPA.pdf"
"MiC 5/2022","Gammon Construction Limited","Gammon Construction Limited","Huizhou, Guangdong, China","惠州, 廣東, 中國","Concrete","混凝土","GCL/MIC/C/01","A1A, A1B, B2A, B2B, B2C, C1A1, C1A2, C1B, C1B2, C1C1, C1C2, C1D, C1D2, D2A, D2B, D2C, D2D, D2D2, E1A and E1B","Domestic","住用","127.35","39","31/3/2022","https://www.bd.gov.hk/doc/en/resources/codes-and-references/mic/MIC0052022_GL.pdf","https://www.bd.gov.hk/doc/en/resources/codes-and-references/mic/MIC0052022_IPA.pdf"
"MiC 6/2022","IND. HANS CO. LTD.","IND. HANS CO. LTD.","Panyu, Guangdong, China","番禺, 廣東, 中國","Steel","鋼材","HANS-3P268","01, 01R, 02, 03, 04, 05, 06 and 07","Domestic","住用","19.445","6","22/04/2022","https://www.bd.gov.hk/doc/en/resources/codes-and-references/mic/MIC0062022_GL.pdf","https://www.bd.gov.hk/doc/en/resources/codes-and-references/mic/MIC0062022_IPA.pdf"
"MiC 7/2022","AluHouse Company Limited","AluHouse Company Limited","Zhaoqing, Guangdong, China","肇慶, 廣東, 中國","Steel","鋼材","ALUHOUSE HK38","Type 1, Type 2 and Type 3","Domestic","住用","13.09","4","29/4/2022","https://www.bd.gov.hk/doc/en/resources/codes-and-references/mic/MIC0072022_GL.pdf","https://www.bd.gov.hk/doc/en/resources/codes-and-references/mic/MIC0072022_IPA.pdf"
"MiC 8/2022","Linker Engineering Limited","Linker Engineering Limited","Foshan, Guangdong, China","佛山, 廣東, 中國","Steel","鋼材","Linker01","A, A1, B, B1, C, D, E and F","Domestic","住用","49","14","20/06/2022","https://www.bd.gov.hk/doc/en/resources/codes-and-references/mic/MIC082022_GL.pdf","https://www.bd.gov.hk/doc/en/resources/codes-and-references/mic/MIC082022_IPA.pdf"
"MiC 9/2022","China Construction Science and Industry Corporation Ltd.","China Construction Science and Industry Corporation Ltd.","Foshan, Guangdong, China","佛山, 廣東, 中國","Steel","鋼材","CCSIC-MIC-HK-S6-1","1, 1R, 2, 2R, 3A, 3B and 3C","Domestic","住用","19.8","6","20/06/2022","https://www.bd.gov.hk/doc/en/resources/codes-and-references/mic/MIC092022_GL.pdf","https://www.bd.gov.hk/doc/en/resources/codes-and-references/mic/MIC092022_IPA.pdf"
"MiC 10/2022","Konwo Modular House Limited","Konwo Modular House Limited","Dongguan, Guangdong, China","東莞, 廣東, 中國","Steel","鋼材","KW-MIC-STEEL-03","1, 2, 3, 4, 5 and 6","Domestic","住用","95.1","30","24/06/2022","https://www.bd.gov.hk/doc/en/resources/codes-and-references/mic/MIC0102022_GL.pdf","https://www.bd.gov.hk/doc/en/resources/codes-and-references/mic/MIC0102022_IPA.pdf"
"MiC 11/2022","Kong Sing Federal Engineering Company Limited","Kong Sing Federal Engineering Company Limited","Jiangmen, Guangdong, China","江門, 廣東, 中國","Steel","鋼材","MIC-KS01","A, AR, B, BR, C, C1, D, E and F","Domestic","住用","18.3","6","30/06/2022","https://www.bd.gov.hk/doc/en/resources/codes-and-references/mic/MIC0112022_GL.pdf","https://www.bd.gov.hk/doc/en/resources/codes-and-references/mic/MIC0112022_IPA.pdf"
"MiC 12/2022","Yau Lee Wah Concrete Precast Products Company Limited","有利華建築預制件有限公司","Huizhou, Guangdong, China","惠州, 廣東, 中國","Concrete","混凝土","CONCRETE MIC 3.0 - BATHROOM","YLW-T01, YLW-T01R, YLW-T02, YLW-T02R, YLW-T03 and YLW-T03R","Volumetric bathroom module in a multi-storey building","多層大廈內的浴室立體組件","","25","22/07/2022","https://www.bd.gov.hk/doc/en/resources/codes-and-references/mic/MIC0122022_GL.pdf","https://www.bd.gov.hk/doc/en/resources/codes-and-references/mic/MIC0122022_IPA.pdf"
"MiC 13/2022","Nano and Advanced Materials Institute Limited","納米及先進材料研發院有限公司","Dongguan, Guangdong, China","東莞, 廣東, 中國","Steel","鋼材","ITP02419NP001A","NAMI-A, NAMI-AR, NAMI-B, NAMI-BR, NAMI-C, NAMI-CR, NAMI-D, NAMI-DR, NAMI-E and NAMI-ER","Domestic","住用","18.5","4","26/07/2022","https://www.bd.gov.hk/doc/en/resources/codes-and-references/mic/MIC0132022_GL.pdf","https://www.bd.gov.hk/doc/en/resources/codes-and-references/mic/MIC0132022_IPA.pdf"
"MiC 14/2022","Aggressive Construction Company Limited","Aggressive Construction Company Limited","Foshan, Guangdong, China","佛山, 廣東, 中國","Steel","鋼材","AGG(MIC)-HKU-003","QA0, BQA0, TQA0, QA2, QA2, QA3, TQA3, QA4, TQA4, QB1, BQB1, TQB1, QB2, TQB2, QB3, TQB3, QB4, BQB4, TQB4, QC2, TQC2, QC3, TQC3, HA1, HA1a, HA2, HA3, HA3a, HA4, HA4a, HA5, HA5a, HA6, HA7, HA8, HA9, HA10, HA11, HA12, HA13, HA14, HB1, HB1a, HB2, HB2a, HB3, HB4, HCC2, HC3, HC4, HD1, HD2, HDHE1, HE2 and HE3","Hostel / Domestic","宿舍 / 住用","77.33","19","30/08/2022","https://www.bd.gov.hk/doc/en/resources/codes-and-references/mic/MIC0142022_GL.pdf","https://www.bd.gov.hk/doc/en/resources/codes-and-references/mic/MIC0142022_IPA.pdf"
"MiC 15/2022","Unistress Building Construction Limited","聯力建築有限公司","Guangzhou, Guangdong, China","廣州, 廣東, 中國","Steel","鋼材","MIC-STEEL 02 (KHW)","TYPE01, TYPE01R, TYPE02 and TYPE02R","Domestic","住用","12.36","4","27/09/2022","https://www.bd.gov.hk/doc/en/resources/codes-and-references/mic/MIC0152022_GL.pdf","https://www.bd.gov.hk/doc/en/resources/codes-and-references/mic/MIC0152022_IPA.pdf"
"MiC 16/2022","GuangDong CIMC Building Construction Co., Ltd.","GuangDong CIMC Building Construction Co., Ltd.","Huizhou, Guangdong, China","惠州, 廣東, 中國","Steel","鋼材","CIMC MBS S-SYSTEM","S1, S1R, S2-1, S2-2, S2-3, S2-1A, S2-2A, S2-3A, S3-1, S3-2, S3-1A, S3-2A, S3R-1 and S3R-02","Domestic","住用","12.7","4","31/10/2022","","https://www.bd.gov.hk/doc/en/resources/codes-and-references/mic/MIC0162022_IPA.pdf"
"MiC 17/2022","Long Faith Engineering Limited","Long Faith Engineering Limited","Taixing, Jiangsu, China","泰興, 江蘇, 中國","Steel","鋼材","LF-MIC-STEEL 01","TYPE 01 &amp; TYPE 01R","Domestic","住用","12.06","4","31/10/2022","https://www.bd.gov.hk/doc/en/resources/codes-and-references/mic/MIC0172022_GL.pdf","https://www.bd.gov.hk/doc/en/resources/codes-and-references/mic/MIC0172022_IPA.pdf"
"MiC 18/2022","The Hong Kong Polytechnic University","The Hong Kong Polytechnic University","Foshan, Guangdong, China","佛山, 廣東, 中國","Steel","鋼材","POLYU-STEEL-01","1, 2, 3A, 3B and 3C","Domestic","住用","19.22","6","9/11/2022","https://www.bd.gov.hk/doc/en/resources/codes-and-references/mic/MIC0182022_GL.pdf","https://www.bd.gov.hk/doc/en/resources/codes-and-references/mic/MIC0182022_IPA.pdf"
"MiC 19/2022","China Harbour Engineering Company Limited","China Harbour Engineering Company Limited","Foshan, Guangdong, China","佛山, 廣東, 中國","Steel","鋼材","CHEC-S06","MODULE NO.1, MODULE NO.2, MODULE NO.3 and MODULE NO.4","Domestic","住用","19.8","6","29/11/2022","https://www.bd.gov.hk/doc/en/resources/codes-and-references/mic/MIC0192022_GL.pdf","https://www.bd.gov.hk/doc/en/resources/codes-and-references/mic/MIC0192022_IPA.pdf"
"MiC 20/2022","CNQC Intelligent Construction (HK) Limited","CNQC Intelligent Construction (HK) Limited","Hong Kong, ChinaFoshan, Guangdong, China","香港, 中國佛山, 廣東, 中國","Concrete","混凝土","CAT01","L-01, L-02, L-03, L-04, L-05, L-06, L-07, L-08, B-01, B-02, B-03, B-04, B-05, B-06, T-01, T-02, K-01, K-02, K-03, K-04, BT-01, BT-02, BT-03, BT-04, BT-05, BT-06 and BT-07","Domestic","住用","132.25","40","8/12/2022","https://www.bd.gov.hk/doc/en/resources/codes-and-references/mic/MIC0202022_GL.pdf","https://www.bd.gov.hk/doc/en/resources/codes-and-references/mic/MIC0202022_IPA.pdf"
"MiC 21/2022","Orientfunds Precast Limited","Orientfunds Precast Limited","Dongguan, Guangdong, China","東莞, 廣東, 中國","Concrete","混凝土","OPL-2","","Volumetric kitchen module in a multi-storey building","多層大廈內的廚房立體組件","","24","23/12/2022","https://www.bd.gov.hk/doc/en/resources/codes-and-references/mic/MIC0212022_GL.pdf","https://www.bd.gov.hk/doc/en/resources/codes-and-references/mic/MIC0212022_IPA.pdf"
"MiC 22/2022","China Construction Science and Industry Group Green Technology Co., Ltd","China Construction Science and Industry Group Green Technology Co., Ltd","Foshan, Guangdong, China","佛山, 廣東, 中國","Steel","鋼材","CCSIC-MIC-HK-S30-1 ","1, 2, 3, 4, 5, 6, 1M, 2M, 3M, 4M, 5M and 6M","Domestic","住用","98.1","30","23/12/2022","","https://www.bd.gov.hk/doc/en/resources/codes-and-references/mic/MIC0222022_IPA.pdf"
"MiC 23/2022","Goldwave Steel Structure Engineering Limited","Goldwave Steel Structure Engineering Limited","Jiangmen, Guangdong, China","江門, 廣東, 中國","Steel","鋼材","GW-MIC-ST-001","A, A-R, B, B-R, C1, C2, C1-R, C2-R, P1, P2, S, S1, S2, S-R, S1-R and S2-R","Domestic","住用","12.6","4","29/12/2022","","https://www.bd.gov.hk/doc/en/resources/codes-and-references/mic/MIC0232022_IPA.pdf"
"MiC 1/2023","China Construction Integrated Building (Hong Kong) Co. Limited","China Construction Integrated Building (Hong Kong) Co. Limited","Shenzhen, Guangdong, China","深圳, 廣東, 中國","Steel","鋼材","CCIB-8888","A1, A2, B1, B2, C1 and C2","Domestic","住用","18.15","6","31/1/2023","","https://www.bd.gov.hk/doc/en/resources/codes-and-references/mic/MIC0012023_IPA.pdf"
"MiC 2/2023","China State Construction Engineering (Hong Kong) Limited","China State Construction Engineering (Hong Kong) Limited","Zhuhai, Guangdong, China","珠海, 廣東, 中國","Concrete","混凝土","CSCE(HK)-HSK-RC001","1, 1.1, 1A, 1A.1, 1A.2, 1A.3, 1B, 2, 2.1, 2A, 2B, 2B.1, 2B.2, 3, 3.1, 3A, 3B, 3C, 4, 4A, 5, 6 and 6.1","Domestic","住用","135.25","39","29/3/2023","","https://www.bd.gov.hk/doc/en/resources/codes-and-references/mic/MIC0022023_IPA.pdf"
"MiC 3/2023","Wing Hong Shun Enterprises Limited","Wing Hong Shun Enterprises Limited","Huizhou, Guangdong, China","惠州, 廣東, 中國","Concrete","混凝土","WHS-MIC-RC40-001","A1, A1M, B1, B1M, A2, B2 &amp; A3","Domestic","住用","134.8","40","29/3/2023","https://www.bd.gov.hk/doc/en/resources/codes-and-references/mic/MIC0032023_GL.pdf","https://www.bd.gov.hk/doc/en/resources/codes-and-references/mic/MIC0032023_IPA.pdf"
"MiC 4/2023","Opulence Technology Limited","Opulence Technology Limited","Huizhou, Guangdong, China","惠州, 廣東, 中國","Concrete","混凝土","OPURC30","A1, A1R, A2, A3, B1, B1R &amp; B2","Domestic","住用","100.15","30","27/4/2023","https://www.bd.gov.hk/doc/en/resources/codes-and-references/mic/MIC0042023_GL.pdf","https://www.bd.gov.hk/doc/en/resources/codes-and-references/mic/MIC0042023_IPA.pdf"
"MiC 5/2023","Mocon (MiC) Limited","Mocon (MiC) Limited","Foshan, Guangdong, China","佛山, 廣東, 中國","Steel","鋼材","MOCON_S01","MODULE NO.1, MODULE NO.2 &amp; MODULE NO.3","Domestic","住用","20.57","6","28/4/2023","https://www.bd.gov.hk/doc/en/resources/codes-and-references/mic/MIC0052023_GL.pdf","https://www.bd.gov.hk/doc/en/resources/codes-and-references/mic/MIC0052023_IPA.pdf"
"MiC 6/2023","Markbox Innovation Limited","Markbox Innovation Limited","Zhuhai, Guangdong, China","珠海, 廣東, 中國","Steel","鋼材","MB1401","TYPE A, TYPE A1, TYPE B, TYPE C, TYPE D, TYPE E &amp; TYPE F","Office &amp; Shop","辦公室及商鋪","49","14","31/5/2023","https://www.bd.gov.hk/doc/en/resources/codes-and-references/mic/MIC0062023_GL.pdf","https://www.bd.gov.hk/doc/en/resources/codes-and-references/mic/MIC0062023_IPA.pdf"
"MiC 7/2023","CIMC MBS Hong Kong Limited","CIMC MBS Hong Kong Limited","Jiangmen, Gunagdong, China","江門, 廣東, 中國","Concrete","混凝土","CIMC RC MIC-1.0","S1, S1m, S1A, *S1A, S1Am, *S1Am, S2, S2m, S2A, S2Am, S3, S3m, S3A, *S3A, S3Am, *S3Am, S4, S4m, S4A, S4Am, S5, S5m, S5A, S5Am, S6, S6m, S6A, *S6A, S6Am, *S6Am, S7, S7m, S7A, *S7A, S7Am, *S7Am, S8, S8m, S8A, S8Am, S9, S9m, S9A, S9Am, S10, S10m, S10A, *S10A, S10Am, *S10Am, S11, S11m, S11A, S11Am, S12, S12m, S12A, *S10A, S12Am &amp; *S10Am","Domestic","住用","135","40","28/6/2023","https://www.bd.gov.hk/doc/en/resources/codes-and-references/mic/MIC0072023_GL.pdf","https://www.bd.gov.hk/doc/en/resources/codes-and-references/mic/MIC0072023_IPA.pdf"
"MiC 8/2023","Mocon (MiC) Limited","Mocon (MiC) Limited","Guangzhou, Guangdong, China","廣州, 廣東, 中國","Concrete","混凝土","MOCON_CO1","A1, A1M, A2, A3, B1, B1M &amp; B2","Domestic","住用","134.8","40","19/7/2023","https://www.bd.gov.hk/doc/en/resources/codes-and-references/mic/MIC0082023_GL.pdf","https://www.bd.gov.hk/doc/en/resources/codes-and-references/mic/MIC0082023_IPA.pdf"
"MiC 9/2023","Maxful Construction Engineering Limited","Maxful Construction Engineering Limited","Zhuhai, Guangdong, China","珠海, 廣東, 中國","Steel","鋼材","MIC-MAX01","TYPE A &amp; TYPE B","Domestic","住用","12.2","4","31/7/2023","https://www.bd.gov.hk/doc/en/resources/codes-and-references/mic/MIC0092023_GL.pdf","https://www.bd.gov.hk/doc/en/resources/codes-and-references/mic/MIC0092023_IPA.pdf"
"MiC 10/2023","Sun Fook Kong Construction Limited","Sun Fook Kong Construction Limited","Dongguan, Guangdong, China","東莞, 廣東, 中國","Steel","鋼材","MIC-ST-01","Module No.1, Module No.2, Module No.2A, Module 3, Module No.3A, Module 4, Module 5 &amp; Module 6","Domestic","住用","95.1","30","17/8/2023","https://www.bd.gov.hk/doc/en/resources/codes-and-references/mic/MIC0102023_GL.pdf","https://www.bd.gov.hk/doc/en/resources/codes-and-references/mic/MIC0102023_IPA.pdf"
"MiC 11/2023","Hip Hing Engineering Company Limited","Hip Hing Engineering Company Limited","Jiangmen, Guangdong, China","江門, 廣東, 中國","Steel","鋼材","HH-STEEL-MIC-TT1","1, 1A, 1B, 2, 2A, 3, 3A, 4, 4A, 5, 5A, 6, 7A, 8A, 8A(H, 8B, 9A, 9A(H, 9B, 10A1, 10A1-HR, 10A1a-HR, 10A1a, 10A1b, 10B, 10B(H, 10Ba, 10Ba(H, 10Bb, 10C, 10C(H, 10C(H-TV, 10Ca, 10Ca(H, 10Cb, 10Cb-TV, 11, 12, 13 and 13(H","Domestic","住用","","4","14/09/2023","https://www.bd.gov.hk/doc/en/resources/codes-and-references/mic/MIC0112023_GL.pdf","https://www.bd.gov.hk/doc/en/resources/codes-and-references/mic/MIC0112023_IPA.pdf"
"MiC 12/2023","Yau Lee Wah Concrete Precast Products Company Limited","有利華建築預製件有限公司","Huizhou, Guangdong, China","惠州, 廣東, 中國","Concrete","混凝土","CONCRETE MIC 1.2-32","A1, A1R, A2, A2R, A3, A3R, A4, A4R, B1, B1R, B1A, B1AR, B1B, B1BR, B1C, B1CR, B2, B2R, B3, B3R, B3A, B3AR, C1, C1R, C1A, C1AR, C2, C2R, C3, C3R, C3A, , C3AR, D1, D2, D3, E and E1","Domestic","住用","","32","14/09/2023","https://www.bd.gov.hk/doc/en/resources/codes-and-references/mic/MIC0122023_GL.pdf","https://www.bd.gov.hk/doc/en/resources/codes-and-references/mic/MIC0122023_IPA.pdf"
"MiC 13/2023","Able Engineering Company Limited","Able Engineering Company Limited","Huizhou, Guangdong, China","惠州, 廣東, 中國","Concrete","混凝土","ABLE-MIC-001","A, A1, B, B1, C, C1, C2, C3, D, D1, D2, D3, D4, D5, E, E1, E2, E3, E4, E5, E6, F, F1, F2, H, H1, H2, H3, H4, H5, H6, H7, J, K, K1, K2, K3, M and N","Domestic","住用","","32","14/09/2023","https://www.bd.gov.hk/doc/en/resources/codes-and-references/mic/MIC0132023_GL.pdf","https://www.bd.gov.hk/doc/en/resources/codes-and-references/mic/MIC0132023_IPA.pdf"
"MiC 14/2023","CR Construction Company Limited","CR Construction Company Limited","Zhaoqing, Guangdong, China","肇慶, 廣東, 中國","Concrete","混凝土","CR-MIC-C32-001","F, FR, F1, F1R, F2, F2R, F3, F3R, H, HR, H1, H1R, H2, H2R, K, KR, M, P, Q, QR, S, SR, V, VR, W, WR, X2, X2R, X3, X3R, Y1, Y1R, Y2, Y2R, Y3, Y3R, Z1, Z1R, Z2 and Z2R","Domestic","住用","","32","18/09/2023","https://www.bd.gov.hk/doc/en/resources/codes-and-references/mic/MIC0142023_GL.pdf","https://www.bd.gov.hk/doc/en/resources/codes-and-references/mic/MIC0142023_IPA.pdf"
"MiC 15/2023","Hip Hing Engineering Company Limited","Hip Hing Engineering Company Limited","Foshan, Guangdong, China","佛山, 廣東, 中國","Concrete","混凝土","HH-RC-MIC-R1","B1, B2, B3, EM1, EM2, EM3, K1, K1a, K2, K3, K4, K5, L1, L1a, L1b, L1c, L1d, L2, L3, L3a, L3b, L3c, L4, T1 and T2","Domestic","住用","","32","21/09/2023","","https://www.bd.gov.hk/doc/en/resources/codes-and-references/mic/MIC0152023_IPA.pdf"
"MiC 16/2023","Shui On Building Contractors Ltd","Shui On Building Contractors Ltd","Guangzhou, Guangdong, China","廣州, 廣東, 中國","Concrete","混凝土","SOBC-RC-MIC-23.01","SO-1A, SO-1AR, SO-1B, SO-1BR, SO-2A, SO-2B, SO-3A, SO-3AR, SO-3B, SO-3BR, SO-3C, SO-4A, SO-4AR, SO-4C and SO4CR","Domestic","住用","","34","22/09/2023","https://www.bd.gov.hk/doc/en/resources/codes-and-references/mic/MIC0162023_GL.pdf","https://www.bd.gov.hk/doc/en/resources/codes-and-references/mic/MIC0162023_IPA.pdf"
"MiC 17/2023","China Road and Bridge Corporation","China Road and Bridge Corporation","Zhuhai, Guangdong, China","珠海, 廣東, 中國","Steel","鋼材","CRBC-SMIC-HK-001","A, AR, A/G, AR/G. A/3, AR/3, B, BR, B/G, BR/G, B/3, BR/3, C1, C1/F, C1/3, C2, C2/G, C2/3, D1, D1/3, D2, D2/3, E1/G and E2/G","Domestic","住用","60.32","20","9/10/2023","","https://www.bd.gov.hk/doc/en/resources/codes-and-references/mic/MIC0172023_IPA.pdf"
"MiC 18/2023","Zhuhai Eastern Heavy Industry Co., Limited","Zhuhai Eastern Heavy Industry Co., Limited","Zhuhai, Guangdong, China","珠海, 廣東, 中國","Steel","鋼材","MIC-EASTERN-STEEL-011","1, 2, 3, 4, 5, 6, 7 and 8","Domestic","住用","61.38","20","30/10/2023","","https://www.bd.gov.hk/doc/en/resources/codes-and-references/mic/MIC0182023_IPA.pdf"
"MiC 19/2023","Opulence Technology Limited","Opulence Technology Limited","Foshan, Guangdong, China","佛山, 廣東, 中國","Steel","鋼材","OPUST20","Module 1, Module 1R, Module 2 &amp; Module 2R","Hostel","宿舍","63.63","20","17/11/2023","","https://www.bd.gov.hk/doc/en/resources/codes-and-references/mic/MIC0192023_IPA.pdf"
"MiC 20/2023","CR Construction Company Limited","CR Construction Company Limited","Zhaoqing, Guangdong, China","肇慶, 廣東, 中國","Steel","鋼材","CR-MIC-S20-001","A, AR, A/G, AR/G. A/3, AR/3, B, BR, B/G, BR/G, B/3, BR/3, C1, C1/F, C1/3, C2, C2/G, C2/3, D1, D1/3, D2, D2/3, E1/G and E2/G","Domestic","住用","60.32","20","17/11/2023","","https://www.bd.gov.hk/doc/en/resources/codes-and-references/mic/MIC0202023_IPA.pdf"
"MiC 21/2023","Aluhouse Company Limited","Aluhouse Company Limited","Zhaoqing, Guangdong, China","肇慶, 廣東, 中國","Steel","鋼材","ALUMIC","A1, A2, B1, B2, B3, B4, B4a &amp; B5","Hostel","宿舍","64.85","19","21/12/2023","","https://www.bd.gov.hk/doc/en/resources/codes-and-references/mic/MIC0212023_IPA.pdf"
"MiC 1/2024","NW Project Management Limited","NW Project Management Limited","Foshan, Guangdong, China","佛山, 廣東, 中國","Concrete","混凝土","NWD MODEL 1.0","Module 1, Module 1R, Module 2, Module 2R, Module 3, Module 3R, Module 4, Module 4R, Module 5, Module 5R, Module 6, Module 6R, Module 7, Module 7R, Module 8, Module 8R, Module 9, Module 9R, Module 10, Module 10R, Module 11, Module 11R, Module 12, Module 12R, Module 13, Module 13R, Module 14, Module 14R, Module 16, Module 16R, Module 17, Module 18, Module 19, Module 19R, Module 20, Module 20R, Module 21, Module 22, Module 23, Module 23R, Module 24, Module 24R, Module 25, Module 26, Module 27 &amp; Module 28","Domestic","住用","132.34","34","7/2/2024","","https://www.bd.gov.hk/doc/en/resources/codes-and-references/mic/MIC012024_IPA.pdf"
"MiC 2/2024","Sun Fook Kong Construction Limited","Sun Fook Kong Construction Limited","Qingyuan City, Guangdong, China","清遠市, 廣東, 中國","Concrete","混凝土","MIC-CON-01","A and B","Domestic","住用","129.56","39","29/2/2024","https://www.bd.gov.hk/doc/en/resources/codes-and-references/mic/MIC022024_GL.pdf","https://www.bd.gov.hk/doc/en/resources/codes-and-references/mic/MIC022024_IPA.pdf"
"MiC 3/2024","Aluhouse Technology (GD) Company Limited","Aluhouse Technology (GD) Company Limited","Zhaoqing, Guangdong, China","肇慶, 廣東, 中國","Steel","鋼材","ALUST30","Modular No.1, Modular No.1R, Modular No.1A, Modular No.2, Modular No.2R, Modular No.2A, Modular No.3, Modular No.3R, Modular No.3A, Modular No.4, Modular No.4R, Modular No.5, Modular No.5R, Modular No.6 and Modular No.6R","Domestic","住用","95.1","30","25/3/2024","https://www.bd.gov.hk/doc/en/resources/codes-and-references/mic/MIC032024_GL.pdf","https://www.bd.gov.hk/doc/en/resources/codes-and-references/mic/MIC032024_IPA.pdf"
"MiC 4/2024","Novadeko Hi-Tech Housing Co. Ltd.","Novadeko Hi-Tech Housing Co. Ltd.","Foshan, Guangdong, China","佛山, 廣東, 中國","Steel","鋼材","Type T1 to T5","Module Type 1, Module Type 1R, Module Type 2, Module Type 2R, Module Type 3, Module Type 3R, Module Type 4, Module Type 4R, Module Type 5 and Module Type 5R","Domestic","住用","60.32","20","26/3/2024","","https://www.bd.gov.hk/doc/en/resources/codes-and-references/mic/MIC042024_IPA.pdf"
"MiC 5/2024","Wui Wing International Development Company Limited","Wui Wing International Development Company Limited","Foshan, Guangdong, ChinaGuangzhou, Guangdong, ChinaTaishan, Guangdong, China","佛山, 廣東, 中國廣州, 廣東, 中國台山, 廣東, 中國","Steel","鋼材","WY-M01","Type A, Type A1, Type B and Type C","Domestic","住用","49","14","29/4/2024","https://www.bd.gov.hk/doc/en/resources/codes-and-references/mic/MIC052024_GL.pdf","https://www.bd.gov.hk/doc/en/resources/codes-and-references/mic/MIC0052024_IPA.pdf"
"MiC 6/2024","珠海市睿住建築科技有限公司","珠海市睿住建築科技有限公司","Huizhou, Guangdong, China","惠州, 廣東, 中國","Concrete","混凝土","RS-MiC No.A ","Type A and Type B","Domestic","住用","129.56","39","30/4/2024","","https://www.bd.gov.hk/doc/en/resources/codes-and-references/mic/MIC062024_IPA.pdf"
"MiC 7/2024","Matrix Living International","Matrix Living International","Foshan, Guangdong, China","佛山, 廣東, 中國","Concrete","混凝土","MATRIX C40","A and B","Domestic","住用","129.56","39","7/6/2024","","https://www.bd.gov.hk/doc/en/resources/codes-and-references/mic/MIC072024_IPA.pdf"
"MiC 8/2024","AluHouse Technology (GD) Company Limited","AluHouse Technology (GD) Company Limited","Zhaoqing City, Guangdong, China","肇慶市, 廣東, 中國","Steel","鋼材","ALULPH","1, 1R, 2, 2R, 3, 4, 5, 6, 7 and 8","Domestic","住用","60.32","20","24/7/2024","","https://www.bd.gov.hk/doc/en/resources/codes-and-references/mic/MIC082024_IPA.pdf"
"MiC 9/2024","Orientfunds Precast Ltd.","Orientfunds Precast Ltd.","Dongguan, Guangdong, China","東莞, 廣東, 中國","Concrete","混凝土","SF-IPA-01","L1, L2, L3, L4, L5, L6, BA1, BA1R, BA2, BA3, K1, K2, K3, K4, K5, K6, K7, K8, K9, K10, B1, B1R, B2, B2R, B3, B3R, B4, B5, B6, B7, B8, B9, B10, B11, B12, B13, B14, B15, B16 and PD1","Domestic","住用","59.98","15","31/7/2024","","https://www.bd.gov.hk/doc/en/resources/codes-and-references/mic/MIC092024_IPA.pdf"
"MiC 10/2024","CNQC Intelligent Construction (HK) Limited","CNQC Intelligent Construction (HK) Limited","Zhuhai, Guangdong, ChinaFoshan City, Guangdong, China","珠海, 廣東, 中國佛山市, 廣東, 中國","Steel","鋼材","CA600918","U01/BL-01, U01/T-02, U02/TL-01, U02/B-02, U03/BT-01, U04/L-01, U04/BT-02, U05/BT-01, U05/BL-02, U06/BT-01, U07/BL-01, U07/T-02, U08/BL-01, U08/BT-02, U09/BL-01, U09/T-02, U10/TL-01, U10/B-02, U11/BT-01, U12/L-01, U12/BT-02, U13/BT-01, U13/BL-02, U14/BT-01, U15/BL-01, U15/T-02, U16/BL-01, U16/BT-02, GU01/BL-01, GU01/T-02, GU02/TL-01, GU02/B-02, GU03/BT-01, GU04/L-01, GU04/BT-02, GU05/BT-01, GU05/BL-02, GU06/BT-01, GU07/BL-01, GU07/T-02, GU08/BL-01, GU08/BT-02, GU09/BL-01, GU09/T-02, GU10/TL-01, GU10/B-02, GU11/BT-01, GU12/L-01, GU12/BT-02, GU13/BT-01, GU13/BL-02, GU14/BT-01, GU15/BL-01, GU15/T-02, GU16/BL-01, GU16/BT-02","Domestic","住用","95.52","31","15/8/2024","","https://www.bd.gov.hk/doc/en/resources/codes-and-references/mic/MIC0102024_IPA.pdf"
"MiC 11/2024","Dongguan Pristine Metal Works Limited","Dongguan Pristine Metal Works Limited","Dongguan, Guangdong, China","東莞，廣東，中國","Steel","鋼材","GCL.MIC/S/01","Module No.1, Module No.1R, Module No.2, Module No.2R, Module No.3, Module No.3R, Module No.4, Module No.4R, Module No.5, Module No.6, Module No.7, Module No.8, Module No.9, Module No.10, Module No.10R, Module No.11 and Module No.11R","Domestic","住用","64.8","20","15/8/2024","","https://www.bd.gov.hk/doc/en/resources/codes-and-references/mic/MIC112024_IPA.pdf"
"MiC 12/2024","I-Tech Modular Construction Company Limited","I-Tech Modular Construction Company Limited","Dongguan City, Guangdong, China","東莞市, 廣東, 中國","Steel","鋼材","MIC-ITECH-S01","Module No.1, Module No.2, Module No.3, Module No.4, Module No.5, Module No.6, Module No.7, Module No.8","Domestic","住用","61.38","20","15/8/2024","","https://www.bd.gov.hk/doc/en/resources/codes-and-references/mic/MIC0122024_IPA.pdf"
"MiC 13/2024","Zhuhai Eastern Heavy Industry Co., Limited","Zhuhai Eastern Heavy Industry Co., Limited","Zhuhai City, Guangdong, China","珠海市, 廣東, 中國","Concrete","混凝土","MIC-EASTERN-RC-01","Module No. 1, Module No. 2, Module No. 3, Module No. 4, Module No. 5, Module No. 6, Module No. 7, Module No. 8, Module No. 9, Module No. 10","Domestic","住用","124.5","40","16/8/2024","","https://www.bd.gov.hk/doc/en/resources/codes-and-references/mic/MIC0132024_IPA.pdf"
"MiC 14/2024","Penta-Ocean Construction Co. Ltd.","Penta-Ocean Construction Co. Ltd.","Dongguan City, Guangdong, China","東莞市, 廣東, 中國","Concrete","混凝土","POC(MIC)-C01","Type 1A, Type 1B, Type 1B(R, Type 1C, Type 1D, Type 1D(R, Type 2A, Type 2A(R, Type 2B, Type 3","Hostel","宿舍","21.5","5","4/9/2024","","https://www.bd.gov.hk/doc/en/resources/codes-and-references/mic/MIC0142024_IPA.pdf"
"MiC 15/2024","Shui On Construction Co., Ltd.","瑞安建築有限公司","Guangzhou City, Guangdong, China","廣州市, 廣東, 中國","Concrete","混凝土","SOC-RC-MIC-23.01","M1, M1(H, M1A, M1A(H, M1B, M2, M2(H, M2A, M3, M3(H, M4, M4(H, M4A, M5, M5(H, M6, M6(H, M8A, M8A(H, M8B, M8B(H, M8C, M8D, M8E, M13, M13A, M13B, M14, M14A, M14B, M15, M15A, M15B, M16, M16(H, M16A, M17, M17(H, M17A, M18, M18A, M18B","Domestic","住用","95.55","28","4/9/2024","","https://www.bd.gov.hk/doc/en/resources/codes-and-references/mic/MIC0152024_IPA.pdf"
"MiC 16/2024","Aluhouse Technology (GD) Company Limited","Aluhouse Technology (GD) Company Limited","Zhaoqing, Guangdong, China","肇慶, 廣東, 中國","Concrete","混凝土","ALURC40","Type A1, Type A1R, Type A2, Type A3, Type B1, Type B1R and Type B2","Domestic","住用","131.65","40","17/9/2024","https://www.bd.gov.hk/doc/en/resources/codes-and-references/mic/MIC162024_GL.pdf","https://www.bd.gov.hk/doc/en/resources/codes-and-references/mic/MIC162024_IPA.pdf"
"MiC 17/2024","China Land MiC Integration Co., Limited","China Land MiC Integration Co., Limited","Qingyuan, Guangdong, China","清遠, 廣東, 中國","Concrete","混凝土","CHINA LAND RC-01 ","Type A and Type B","Domestic","住用","129.56","39","17/9/2024","https://www.bd.gov.hk/doc/en/resources/codes-and-references/mic/MIC172024_GL.pdf","https://www.bd.gov.hk/doc/en/resources/codes-and-references/mic/MIC172024_IPA.pdf"
"MiC 18/2024","Art Modular Integrated Construction Co. Ltd.","Art Modular Integrated Construction Co. Ltd.","Zhuhai, Guangdong, China","珠海, 廣東, 中國","Concrete","混凝土","MIC-RC-01","Type A and Type B","Domestic","住用","129.56","39","26/9/2024","https://www.bd.gov.hk/doc/en/resources/codes-and-references/mic/MIC182024_GL.pdf","https://www.bd.gov.hk/doc/en/resources/codes-and-references/mic/MIC182024_IPA.pdf"
"MiC 19/2024","Zhuhai Eastern Heavy Industry Co. Limited","Zhuhai Eastern Heavy Industry Co. Limited","Zhuhai, Guangdong, China","珠海, 廣東, 中國","Steel","鋼材","MIC-EASTERN-STEEL-01","MODULE NO.1, MODULE NO.2, MODULE NO.2A, MODULE NO.3, MODULE NO.4, MODULE NO.5, MODULE NO.6, MODULE NO.7, MODULE NO.8, MODULE NO.8A and MODULE NO.9","Domestic","住用","12.88","4","9/10/2024","","https://www.bd.gov.hk/doc/en/resources/codes-and-references/mic/MIC192024_IPA.pdf"
"MiC 20/2024","Foshan Meizong Buildings Technology Co., Ltd.","佛山市美宗房屋科技有限公司","Foshan, Guangdong, China","佛山, 廣東, 中國","Steel","鋼材","MEIZONG-20STEEL-1","Module 1, Module 1R, Module 2, Module 2R, Module 3, Module 4, Module 5, Module 6, Module 7, Module 8","Domestic","住用","60.335","20","16/10/2024","","https://www.bd.gov.hk/doc/en/resources/codes-and-references/mic/MIC0202024_IPA.pdf"
"MiC 21/2024","The Hong Kong Polytechnic University","The Hong Kong Polytechnic University","Huizhou City, Guangdong, China","惠州市, 廣東, 中國","Steel","鋼材","POLYU-STEEL-EMIC-01","1A, 1B, 2A, 2B, 2C, 3A, 3B, 3C, 4A, 4B, 4C","Domestic","住用","21.31","6","21/10/2024","","https://www.bd.gov.hk/doc/en/resources/codes-and-references/mic/MIC0212024_IPA.pdf"
"MiC 22/2024","Zenith Integrated Modular Limited","Zenith Integrated Modular Limited","Zhuhai, Guangdong, China","珠海, 廣東, 中國","Steel","鋼材","Z-MIC-01","TYPE A, TYPE AR, TYPE B, TYPE B’, TYPE BR, TYPE C1, TYPE C1R, TYPE C2, TYPE C2R, TYPE D and TYPE E","Domestic","住用","12.7","4","5/11/2024","","https://www.bd.gov.hk/doc/en/resources/codes-and-references/mic/MIC222024_IPA.pdf"
"MiC 23/2024","Kit Kee Engineering Ltd.","Kit Kee Engineering Ltd.","Dongguan, Guangdong, China","東莞, 廣東, 中國","Concrete","混凝土","MIC-RC-01","Type A and Type B","Domestic","住用","129.56","39","8/11/2024","","https://www.bd.gov.hk/doc/en/resources/codes-and-references/mic/MIC232024_IPA.pdf"
"MiC 24/2024","Matrix Living International","Matrix Living International","Foshan City, Guangdong, China","佛山市, 廣東, 中國","Steel","鋼材","MATRIX 16","A, B, C1, C2, D1, D2","Domestic","住用","56.4","18","18/11/2024","","https://www.bd.gov.hk/doc/en/resources/codes-and-references/mic/MIC0242024_IPA.pdf"
"MiC 25/2024","Changshu Yahgee Modular Building Co., Ltd.","常熟雅致模塊化建築有限公司","Changshu, Jiangsu, China","常熟，江蘇，中國","Steel","鋼材","YAHGEE-STEEL-20S","MODULE 1, MODULE 1R, MODULE 2, MODULE 2R, MODULE 3, MODULE 4, MODULE 5, MODULE 6, MODULE 7 and MODULE 8","Domestic","住用","60.32","20","13/12/2024","https://www.bd.gov.hk/doc/en/resources/codes-and-references/mic/MIC252024_GL.pdf","https://www.bd.gov.hk/doc/en/resources/codes-and-references/mic/MIC252024_IPA.pdf"
"MiC 1/2025","China Construction Integrated Science &amp; Technology Co., Ltd.","China Construction Integrated Science &amp; Technology Co., Ltd.","Shenzhen, China","深圳, 中國","Steel","鋼材","ZJJC-STEEL-30S","1, 2, 2R, 3, 4, 5, 6, 7, 7R, 8, 8R, 9, 9R, 10, 10R, 11, 12","Domestic","住用","93","30","6/1/2025","https://www.bd.gov.hk/doc/en/resources/codes-and-references/mic/2025/MIC0012025_GL.pdf","https://www.bd.gov.hk/doc/en/resources/codes-and-references/mic/2025/MIC0012025_IPA.pdf"
"MiC 2/2025","Wecon Construction and Engineering Limited","Wecon Construction and Engineering Limited","Huizhou, Guangdong, China","肇慶, 廣東, 中國","Concrete","混凝土","WCE-MIC-C-001","Type A1, Type A1R, Type A2, Type A3, Type B1, Type B1R and Type B2","Domestic","住用","104","30","26/2/2025","","https://www.bd.gov.hk/doc/en/resources/codes-and-references/mic/2025/MIC0022025_IPA.pdf"
"MiC 3/2025","Wecon Construction and Engineering Limited","Wecon Construction and Engineering Limited","Huizhou, Guangdong, China","惠州，廣東，中國","Steel","鋼材","WCE-MIC-S-001","Module 1, Module 1R, Module 2 &amp; Module 2R","Hostel","宿舍","63.95","20","5/3/2025","","https://www.bd.gov.hk/doc/en/resources/codes-and-references/mic/2025/MIC0032025_IPA.pdf"
"MiC 4/2025","CIMC MBS Hong Kong Limited","CIMC MBS Hong Kong Limited","Jiangmen, Guangdong, China","江門，廣東，中國","Steel","鋼材","CIMC S-MIC-3.0","Type A, Type B, Type C1, Type C2, Type D1 and Type D2","Domestic","住用","62.53","20","6/3/2025","","https://www.bd.gov.hk/doc/en/resources/codes-and-references/mic/2025/MIC0042025_IPA.pdf"
"MiC 6/2025","Ind. Hans Co. Ltd.","Ind. Hans Co. Ltd.","Huizhou, Guangdong, China","惠州，廣東，中國","Concrete","混凝土","HANS-C-28ABC","TYPE A1, TYPE A1R, TYPE B1, TYPE B1R, TYPE A2, TYPE B2 and TYPE A3","Domestic","住用","131.65","40","11/4/2025","","https://www.bd.gov.hk/doc/en/resources/codes-and-references/mic/2025/MIC0062025_IPA.pdf"
"MiC 7/2025","Elite Production Solution Company Limited","Elite Production Solution Company Limited","Foshan, Guangdong, China","佛山，廣東，中國","Steel","鋼材","EPS HK MIC 001","MODULE NO.1, MODULE NO.2, MODULE NO.3, MODULE NO.4, MODULE NO.5, MODULE NO.6, MODULE NO.7 and MODULE NO.8","Domestic","住用","61.38","20","14/4/2025","","https://www.bd.gov.hk/doc/en/resources/codes-and-references/mic/2025/MIC0072025_IPA.pdf"
"MiC 5/2025","Hip Seng Builders Limited","Hip Seng Builders Limited","Zhaoqing, China","肇慶, 中國","Steel","鋼材","HIPSENG-STEEL-01","1,2,2R,3,4,5,6,7,7R, 8, 8R, 9, 9R, 10, 10R, 11 and 12","Domestic","住用","63","20","9/5/2025","","https://www.bd.gov.hk/doc/en/resources/codes-and-references/mic/2025/MIC0052025_IPA.pdf"
"MiC 8/2025","China Harbour Engineering Company Limited","China Harbour Engineering Company Limited","Dongguan, Guangdong, China","東莞, 廣東, 中國","Concrete","混凝土","CHEC-PC40","Type A and Type B","Domestic","住用","129.41","39","21/5/2025","","https://www.bd.gov.hk/doc/en/resources/codes-and-references/mic/2025/MIC0082025_IPA.pdf"
"MiC 9/2025","Huashi-China Construction New Technology (Zhuhai) Co. Limited","Huashi-China Construction New Technology (Zhuhai) Co. Limited","Zhuhai, Guangdong, China","珠海, 廣東, 中國","Concrete","混凝土","HS-MIC-RC-01","Module No.1, Module No.2, Module No.3, Module No.4, Module No.5, Module No.6, Module No.7, Module No.8, Module No.9 and Module No.10","Domestic","住用","120.56","40","30/5/2025","","https://www.bd.gov.hk/doc/en/resources/codes-and-references/mic/2025/MIC0092025_IPA.pdf"
"MiC 10/2025","Dongguan Wah Tung Decorate Material Engineering Company Limited","Dongguan Wah Tung Decorate Material Engineering Company Limited","Dongguan City, Guangdong, ChinaHuizhou City, Guangdong, China","東莞市, 廣東, 中國","Steel","鋼材","–","A1, A2, B1, B2, B3, B4, C1, C2, C4, C5, C6, D1, D2, D3, D4, D5, D6, E1, E2, E3, E4 ","Domestic","住用","67.5","18","20/6/2025","","https://www.bd.gov.hk/doc/en/resources/codes-and-references/mic/2025/MIC0102025_IPA.pdf"
"MiC 11/2025","Zhuhai Huimao Environmental Protection Technology Co. Ltd.","Zhuhai Huimao Environmental Protection Technology Co. Ltd.","Zhuhai, Guangdong, China","珠海, 廣東, 中國","Concrete","混凝土","MIC-HM01","Type A and Type B","Domestic","住用","19.06","4","15/7/2025","","https://www.bd.gov.hk/doc/en/resources/codes-and-references/mic/2025/MIC0112025_IPA.pdf"
"MiC 12/2025","Jianbang Hangxiao (HK) Assembly Co.","Jianbang Hangxiao (HK) Assembly Co.","Kaiping City, Guangdong, China","開平市, 廣東, 中國惠州市, 廣東, 中國","Steel","鋼材","JIANBANG-001","A, B, C1, C2, D1, D2","Domestic","住用","56.4","18","25/7/2025","","https://www.bd.gov.hk/doc/en/resources/codes-and-references/mic/2025/MIC0122025_IPA.pdf"
"MiC 13/2025","China Road and Bridge Corporation","China Road and Bridge Corporation","Zhuhai, Guangdong, China","珠海，廣東，中國","Concrete","混凝土","CRBC-CIMC-HK-001","Type A, Type B, Type C1, Type C2, Type C3, Type RA, Type RB, Type RC, Type RD and Type RE","Domestic","住用","176.56","54","27/8/2025","","https://www.bd.gov.hk/doc/en/resources/codes-and-references/mic/2025/MIC0132025_IPA.pdf"
"MiC 14/2025","China Construction Science and Industry Group Green Technology Co., Ltd.","China Construction Science and Industry Group Green Technology Co., Ltd.","Huizhou City, Guangdong, China","惠州市, 廣東, 中國","Steel","鋼材","CCSIC-MIC-HK-S20-1","A, AR, A/G, AR/G, A/3, AR/3, B, BR, B/G, BR/G, B/3, BR/3, C1, C2, C1/3, C2/3, D1, D1/3, D2, D2/3, E1/G and E2/G","Domestic","住用","60.48","20","10/9/2025","https://www.bd.gov.hk/doc/en/resources/codes-and-references/mic/2025/MIC0142025_GL.pdf","https://www.bd.gov.hk/doc/en/resources/codes-and-references/mic/2025/MIC0142025_IPA.pdf"
"MiC 15/2025","廣州建築灣區智造科技有限公司","廣州建築灣區智造科技有限公司","Guangzhou, Guangdong, China","廣州，廣東，中國","Concrete","混凝土","GMC-RCS-50S","Type 1, Type 1A, Type 2, Type 2A, Type 3, Type 3A, Type 5, Type 5A, Type 6, Type 6A, Type 7 and Type 7A","Domestic","住用","162.5","49","26/9/2025","","https://www.bd.gov.hk/doc/en/resources/codes-and-references/mic/2025/MIC0152025_IPA.pdf"
"MiC 16/2025","Century Well Construction Ltd.","Century Well Construction Ltd.","Guangzhou, Guangdong, China","廣州，廣東，中國","Concrete","混凝土","CCG-RC01","Type 49, Type 50, Type 51, Type 52, Type 53, Type 54, Type 55, Type 56, Type 57, Type 58, Type 59, Type 59A, Type 60, Type 60A, Type 61, Type 62, Type 63, Type 64, Type 65, Type 66, Type 67, Type 68, Type 70, Type 71, Type 72, Type 73 and Type 74","Domestic","住用","175.7","44","25/9/2025","","https://www.bd.gov.hk/doc/en/resources/codes-and-references/mic/2025/MIC0142025_IPA.pdf"
"MiC 17/2025","Kong Sing Building Company Limited","Kong Sing Building Company Limited","Jiangmen, Guangdong, China","江門，廣東，中國","Concrete","混凝土","MIC-KS03","Type A and Type B","Domestic","住用","129.56","39","3/10/2025","","https://www.bd.gov.hk/doc/en/resources/codes-and-references/mic/2025/MIC0172025_IPA.pdf"
"MiC 18/2025","上海電氣科城(英德)建築科技有限公司","上海電氣科城(英德)建築科技有限公司","Yingde City, Guangdong, China","英德市, 廣東, 中國","MiC 18-2025","鋼材","上海電氣 RC-01","A, B","Domestic","住用","129.56","39","17/10/2025","https://www.bd.gov.hk/doc/en/resources/codes-and-references/mic/2025/MIC0182025_GL.pdf","https://www.bd.gov.hk/doc/en/resources/codes-and-references/mic/2025/MIC0182025_IPA.pdf"
"MiC 19/2025","Hip Seng Builders Limited","Hip Seng Builders Limited","Zhaoqing City, Guangdong, China","肇慶市, 廣東, 中國","MiC 19-2025","鋼材","HIPSENG-RC-01","1B,  2B","Domestic","住用","131","39","12/11/2025","https://www.bd.gov.hk/doc/en/resources/codes-and-references/mic/2025/MIC0192025_GL.pdf","https://www.bd.gov.hk/doc/en/resources/codes-and-references/mic/2025/MIC0192025_IPA.pdf"
"MiC 20/2025","Chevalier (Construction) Company Limited","Chevalier (Construction) Company Limited","Huizhou, Guangdong, China","惠州，廣東，中國","MiC 20-2025","鋼材","LPH-SERIES-TYPE A","Type 1, Type 2, Type 2a, Type MRC, Type MRR, Type EMR, Type ELV, Type LAU, Type EL, Type EL(1, Type TOE, Type TOEa, Type BRI, Type BRI(1, Type BRIL, BRIL(1, Type CO, ST1(G, ST1(1, ST1(2, ST2(G, ST2a(G, ST2(1 and ST2(2","Domestic","住用","10.075","3","15/12/2025","","https://www.bd.gov.hk/doc/en/resources/codes-and-references/mic/2025/MIC0202025_IPA.pdf"
"MiC 1/2026","廣東東方廣廈住宅科技實業有限公司","廣東東方廣廈住宅科技實業有限公司","Foshan, Guangdong, China","佛山，廣東，中國","MiC 1-2026","鋼材","廣廈模塊A","Type A and Type B","Domestic","住用","60.51","20","3/2/2026","https://www.bd.gov.hk/doc/en/resources/codes-and-references/mic/2025/MIC0012026_GL.pdf","https://www.bd.gov.hk/doc/en/resources/codes-and-references/mic/2025/MIC0012026_IPA.pdf"
"MiC 2/2026","Bestfit Modular House Limited","Bestfit Modular House Limited","Huizhou, Guangdong, China","惠州，廣東，中國","MiC 2-2026","鋼材","Besfit-01","Type A, Type B, Type C, Type D, Type E and Type F","Office","辦公室用","9.143","3","6/2/2026","https://www.bd.gov.hk/doc/en/resources/codes-and-references/mic/2025/MIC0022026_GL.pdf","https://www.bd.gov.hk/doc/en/resources/codes-and-references/mic/2025/MIC0022026_IPA.pdf"
"MiC 3/2026","China State Hailong Construction Technology Company Limited","China State Hailong Construction Technology Company Limited","Zhuhai City, Guangdong, China","珠海市, 廣東, 中國","MiC 3-2026","鋼材","TYPE 1, TYPE 2 & TYPE 3","1, 1A, 1-R, 2, 2-R, 3, 3-R, 4, 4B, 5, 6, 6-R, 7, 7-R, 7A, 7A-R, 7B, 8, 8-R, 8B, 9, 10, 11, 12, 13, 14, 101, 102, 103","Domestic","住用","60","20","13/02/2026","https://www.bd.gov.hk/doc/en/resources/codes-and-references/mic/2025/MIC0032026_GL.pdf","https://www.bd.gov.hk/doc/en/resources/codes-and-references/mic/2025/MIC0032026_IPA.pdf"
"MiC 4/2026","中國土木工程集團有限公司","中國土木工程集團有限公司","Jiangmen, Guangdong, China","江門，廣東，中國","MiC 4-2026","鋼材","RC01","Type A and Type B","Domestic","住用","129.56","39","13/2/2026","","https://www.bd.gov.hk/doc/en/resources/codes-and-references/mic/2025/MIC0042026_IPA.pdf"